,,,,,,,,,,,
,,第1階層,,第2階層,,第3階層,,階層,,URL,メモ
,,,,,,,,,,,
,1,TOP,,,,,,/,,https://access-jp.co.jp/,
,,,1,会社について,,,,/company,,https://access-jp.co.jp/company,
,,,,,1,会社概要,,/company/about,,https://access-jp.co.jp/company/about,
,,,,,1,企業理念,,/company/philosophy,,https://access-jp.co.jp/company/philosophy,
,,,,,1,代表挨拶,,/company/topmessage,,https://access-jp.co.jp/company/topmessage,
,,,,,1,所在地,,/company/access,,https://access-jp.co.jp/company/access,
,,,1,事業紹介,,,,/business,,https://access-jp.co.jp/business,
,,,,,1,コンサルティング事業,,/business/consulting,,https://access-jp.co.jp/business/consulting,
,,,,,1,Web制作事業,,/business/webcreation,,https://access-jp.co.jp/business/webcreation,
,,,,,1,システム開発事業,,/business/system,,https://access-jp.co.jp/business/system,
,,,1,お問い合わせ,,,,/contact,,https://access-jp.co.jp/contact,
,,,,,1,お問い合わせ完了,,/contact/thanks,,https://access-jp.co.jp/contact/thanks,
,,,1,お知らせ,,,,/news,,https://access-jp.co.jp/news,
,,,,,1,お知らせ1,,/news/1,,https://access-jp.co.jp/news/1/,
,,,,,1,お知らせ1,,/news/2,,https://access-jp.co.jp/news/2/,
,,,1,お客さまの声,,,,/voice,,https://access-jp.co.jp/voice,
,,,,,1,お客さまの声1,,/voice/1,,https://access-jp.co.jp/voice/1,
,,,,,1,お客さまの声2,,/voice/2,,https://access-jp.co.jp/voice/2,
,,,1,ブログ,,,,/blog,,https://access-jp.co.jp/blog,
,,,,,1,ブログ1,,/blog/1,,https://access-jp.co.jp/blog/1,
,,,,,1,ブログ2,,/blog/2,,https://access-jp.co.jp/blog/2,
,,,1,採用情報,,,,/recruit,,https://access-jp.co.jp/recruit,
,,,1,プライバシーポリシー,,,,/privacy-policy,,https://access-jp.co.jp/privacy-policy,
,,,,,,,,,,,
,1,,8,,14,ページ合計,23,,,,